{"cameraMode":{"drawMode":0,"name":"Shaded","section":"Shading Mode"},"sceneLighting":false,"audioPlay":false,"sceneViewState":{"m_AlwaysRefresh":false,"showFog":true,"showSkybox":false,"showFlares":true,"showImageEffects":true,"showParticleSystems":true,"showVisualEffectGraphs":true,"m_FxEnabled":true},"in2DMode":false,"pivot":{"x":-167.0853271484375,"y":58.86246109008789,"z":-160.82949829101563},"rotation":{"x":-0.02877664752304554,"y":0.016951918601989747,"z":-0.003191685536876321,"w":-1.0003502368927003},"size":1.4339207410812379,"orthographic":false}